ESTU_CONSECUTIVO|GRUPO|N|ESTRATO|APLICACION|GRADO|JORNADA|COD_DANE|ENTETERR|DEPARTAMENTO|MUNICIPIO|SEXO|SECTOR|ZONA|ZONASTAB|CALENDARIO|NIVEL|LENG_COPIETAS|LENG_WEIGHT|LENG_SCORE1|LENG_SCORE2|LENG_SCORE3|LENG_SCORE4|LENG_SCORE5|MATE_COPIETAS|MATE_WEIGHT|MATE_SCORE1|MATE_SCORE2|MATE_SCORE3|MATE_SCORE4|MATE_SCORE5
V201750000001|99|310|0000011|X|5|999999|105001006980|03|05|05001|2|1|1|1|A|3|x|0|0|1|0,49088|0,49088|0,49088|0,49088|0,49088|0|1|-0,96123|-0,96123|-0,96123|-0,96123|-0,96123||||||||||||||
V201750000002|99|194|0000092|X|5|005587|311001090921|12|11|11001|2|2|1|1|A|4|x|0|0|1|-1,14958|-1,14958|-1,14958|-1,14958|-1,14958|0|1|-0,53493|-0,53493|-0,53493|-0,53493|-0,53493||||||||||||||
V201750000003|99|194|0000092|X|5|005587|311001090921|12|11|11001|2|2|1|1|A|4|x|0|0|1|1,85894|1,85894|1,85894|1,85894|1,85894|0|1|1,50073|1,50073|1,50073|1,50073|1,50073||||||||||||||
V201750000004|99|194|0000092|X|5|005587|311001090921|12|11|11001|1|2|1|1|A|4|x|0|0|1|2,23958|2,23958|2,23958|2,23958|2,23958|0|1|2,89346|2,89346|2,89346|2,89346|2,89346||||||||||||||
V201750000005|99|194|0000092|X|5|005587|311001090921|12|11|11001|1|2|1|1|A|4|x|0|0|1|1,00857|1,00857|1,00857|1,00857|1,00857|0|1|2,24069|2,24069|2,24069|2,24069|2,24069||||||||||||||
V201750000006|99|194|0000092|X|5|005587|311001090921|12|11|11001|2|2|1|1|A|4|x|0|0|1|3,13031|3,13031|3,13031|3,13031|3,13031|0|1|2,92946|2,92946|2,92946|2,92946|2,92946||||||||||||||
V201750000007|99|194|0000092|X|5|005587|311001090921|12|11|11001|2|2|1|1|A|4|x|0|0|1|0,72374|0,72374|0,72374|0,72374|0,72374|0|1|0,69975|0,69975|0,69975|0,69975|0,69975||||||||||||||
V201750000008|99|194|0000092|X|5|005587|311001090921|12|11|11001|2|2|1|1|A|4|x|0|0|1|1,7531|1,7531|1,7531|1,7531|1,7531|0|1|0,38771|0,38771|0,38771|0,38771|0,38771||||||||||||||
V201750000009|99|194|0000092|X|5|005587|311001090921|12|11|11001|1|2|1|1|A|4|x|0|0|1|3,53947|3,53947|3,53947|3,53947|3,53947|0|1|3,46779|3,46779|3,46779|3,46779|3,46779||||||||||||||
V201750000010|99|194|0000092|X|5|005587|311001090921|12|11|11001|2|2|1|1|A|4|x|0|0|1|0,04657|0,04657|0,04657|0,04657|0,04657|0|1|1,93526|1,93526|1,93526|1,93526|1,93526||||||||||||||
V201750000011|99|194|0000092|X|5|005587|311001090921|12|11|11001|2|2|1|1|A|4|x|0|0|1|0,85807|0,85807|0,85807|0,85807|0,85807|0|1|1,00684|1,00684|1,00684|1,00684|1,00684||||||||||||||
V201750000012|99|194|0000092|X|5|005587|311001090921|12|11|11001|2|2|1|1|A|4|x|0|0|1|3,01009|3,01009|3,01009|3,01009|3,01009|0|1|2,6225|2,6225|2,6225|2,6225|2,6225||||||||||||||
V201750000013|99|194|0000092|X|5|005587|311001090921|12|11|11001|2|2|1|1|A|4|x|0|0|1|0,77205|0,77205|0,77205|0,77205|0,77205|0|1|1,14794|1,14794|1,14794|1,14794|1,14794||||||||||||||
V201750000014|99|194|0000092|X|5|005587|311001090921|12|11|11001|1|2|1|1|A|4|x|0|0|1|2,31305|2,31305|2,31305|2,31305|2,31305|0|1|2,28387|2,28387|2,28387|2,28387|2,28387||||||||||||||
V201750000015|99|194|0000092|X|5|005587|311001090921|12|11|11001|1|2|1|1|A|4|x|0|0|1|0,62679|0,62679|0,62679|0,62679|0,62679|0|1|1,85353|1,85353|1,85353|1,85353|1,85353||||||||||||||
V201750000016|99|194|0000092|X|5|005587|311001090921|12|11|11001|2|2|1|1|A|4|x|0|0|1|0,59577|0,59577|0,59577|0,59577|0,59577|0|1|-0,24408|-0,24408|-0,24408|-0,24408|-0,24408||||||||||||||
V201750000017|99|194|0000092|X|5|005587|311001090921|12|11|11001|2|2|1|1|A|4|x|0|0|1|2,2766|2,2766|2,2766|2,2766|2,2766|0|1|3,56869|3,56869|3,56869|3,56869|3,56869||||||||||||||
V201750000018|99|194|0000092|X|5|005587|311001090921|12|11|11001|1|2|1|1|A|4|x|0|0|1|2,03278|2,03278|2,03278|2,03278|2,03278|0|1|2,63294|2,63294|2,63294|2,63294|2,63294||||||||||||||
V201750000019|99|194|0000092|X|5|005587|311001090921|12|11|11001|1|2|1|1|A|4|x|0|0|1|0,51517|0,51517|0,51517|0,51517|0,51517|0|1|1,02871|1,02871|1,02871|1,02871|1,02871||||||||||||||
V201750000020|99|194|0000092|X|5|005587|311001090921|12|11|11001|2|2|1|1|A|4|x|0|0|1|1,109|1,109|1,109|1,109|1,109|0|1|2,4455|2,4455|2,4455|2,4455|2,4455||||||||||||||
V201750000021|99|194|0000092|X|5|005587|311001090921|12|11|11001|1|2|1|1|A|4|x|0|0|1|1,81004|1,81004|1,81004|1,81004|1,81004|0|1|-0,34044|-0,34044|-0,34044|-0,34044|-0,34044||||||||||||||
V201750000022|99|194|0000092|X|5|005587|311001090921|12|11|11001|1|2|1|1|A|4|x|0|0|1|1,93163|1,93163|1,93163|1,93163|1,93163|0|1|3,70945|3,70945|3,70945|3,70945|3,70945||||||||||||||
V201750000023|99|194|0000092|X|5|005587|311001090921|12|11|11001|1|2|1|1|A|4|x|0|0|1|1,86897|1,86897|1,86897|1,86897|1,86897|0|1|1,5407|1,5407|1,5407|1,5407|1,5407||||||||||||||
V201750000024|99|194|0000092|X|5|005587|311001090921|12|11|11001|1|2|1|1|A|4|x|0|0|1|0,66817|0,66817|0,66817|0,66817|0,66817|0|1|1,3702|1,3702|1,3702|1,3702|1,3702||||||||||||||
V201750000025|99|194|0000092|X|5|005587|311001090921|12|11|11001|1|2|1|1|A|4|x|0|0|1|0,90033|0,90033|0,90033|0,90033|0,90033|0|1|1,59649|1,59649|1,59649|1,59649|1,59649||||||||||||||
V201750000026|99|194|0000092|X|5|005587|311001090921|12|11|11001|2|2|1|1|A|4|x|0|0|1|1,31256|1,31256|1,31256|1,31256|1,31256|0|1|2,56724|2,56724|2,56724|2,56724|2,56724||||||||||||||
V201750000027|99|194|0000092|X|5|005587|311001090921|12|11|11001|2|2|1|1|A|4|x|0|0|1|0,94138|0,94138|0,94138|0,94138|0,94138|0|1|1,69331|1,69331|1,69331|1,69331|1,69331||||||||||||||
V201750000028|99|194|0000092|X|5|005587|311001090921|12|11|11001|1|2|1|1|A|4|x|0|0|1|1,55718|1,55718|1,55718|1,55718|1,55718|0|1|2,45167|2,45167|2,45167|2,45167|2,45167||||||||||||||
V201750000029|99|194|0000092|X|5|005587|311001090921|12|11|11001|1|2|1|1|A|4|x|0|0|1|1,66585|1,66585|1,66585|1,66585|1,66585|0|1|1,01754|1,01754|1,01754|1,01754|1,01754||||||||||||||
V201750000030|99|194|0000092|X|5|005587|311001090921|12|11|11001|1|2|1|1|A|4|x|0|0|1|0,28361|0,28361|0,28361|0,28361|0,28361|0|1|-0,51881|-0,51881|-0,51881|-0,51881|-0,51881||||||||||||||
V201750000031|99|194|0000092|X|5|005587|311001090921|12|11|11001|1|2|1|1|A|4|x|0|0|1|2,39092|2,39092|2,39092|2,39092|2,39092|0|1|2,43576|2,43576|2,43576|2,43576|2,43576||||||||||||||
V201750000032|99|194|0000092|X|5|005587|311001090921|12|11|11001|1|2|1|1|A|4|x|0|0|1|2,79097|2,79097|2,79097|2,79097|2,79097|0|1|2,74696|2,74696|2,74696|2,74696|2,74696||||||||||||||
V201750000033|99|194|0000092|X|5|005587|311001090921|12|11|11001|1|2|1|1|A|4|x|0|0|1|1,71603|1,71603|1,71603|1,71603|1,71603|0|1|0,65006|0,65006|0,65006|0,65006|0,65006||||||||||||||
V201750000034|99|194|0000092|X|5|005587|311001090921|12|11|11001|2|2|1|1|A|4|x|0|0|1|1,42515|1,42515|1,42515|1,42515|1,42515|0|1|1,48505|1,48505|1,48505|1,48505|1,48505||||||||||||||
V201750000035|99|194|0000092|X|5|005587|311001090921|12|11|11001|1|2|1|1|A|4|x|0|0|1|2,08786|2,08786|2,08786|2,08786|2,08786|0|1|0,32175|0,32175|0,32175|0,32175|0,32175||||||||||||||
V201750000036|99|194|0000092|X|5|005587|311001090921|12|11|11001|1|2|1|1|A|4|x|0|0|1|0,38138|0,38138|0,38138|0,38138|0,38138|0|1|0,55523|0,55523|0,55523|0,55523|0,55523||||||||||||||
V201750000037|99|194|0000092|X|5|005587|311001090921|12|11|11001|2|2|1|1|A|4|x|0|0|1|0,52602|0,52602|0,52602|0,52602|0,52602|0|1|0,147|0,147|0,147|0,147|0,147||||||||||||||
V201750000038|99|194|0000092|X|5|005587|311001090921|12|11|11001|1|2|1|1|A|4|x|0|0|1|-0,01063|-0,01063|-0,01063|-0,01063|-0,01063|0|1|1,42207|1,42207|1,42207|1,42207|1,42207||||||||||||||
V201750000039|99|194|0000092|X|5|005587|311001090921|12|11|11001|1|2|1|1|A|4|x|0|0|1|2,19661|2,19661|2,19661|2,19661|2,19661|0|1|2,39752|2,39752|2,39752|2,39752|2,39752||||||||||||||
V201750000040|99|194|0000092|X|5|005587|311001090921|12|11|11001|1|2|1|1|A|4|x|0|0|1|1,07834|1,07834|1,07834|1,07834|1,07834|0|1|1,48426|1,48426|1,48426|1,48426|1,48426||||||||||||||
V201750000041|99|194|0000092|X|5|005587|311001090921|12|11|11001|1|2|1|1|A|4|x|0|0|1|1,30669|1,30669|1,30669|1,30669|1,30669|0|1|2,13091|2,13091|2,13091|2,13091|2,13091||||||||||||||
V201750000042|99|194|0000092|X|5|005587|311001090921|12|11|11001|1|2|1|1|A|4|x|0|0|1|1,35632|1,35632|1,35632|1,35632|1,35632|0|1|0,42722|0,42722|0,42722|0,42722|0,42722||||||||||||||
V201750000043|99|194|0000092|X|5|005587|311001090921|12|11|11001|2|2|1|1|A|4|x|0|0|1|1,63567|1,63567|1,63567|1,63567|1,63567|0|1|2,69612|2,69612|2,69612|2,69612|2,69612||||||||||||||
V201750000044|99|194|0000092|X|5|005587|311001090921|12|11|11001|2|2|1|1|A|4|x|0|0|1|2,1973|2,1973|2,1973|2,1973|2,1973|0|1|2,54676|2,54676|2,54676|2,54676|2,54676||||||||||||||
V201750000045|99|194|0000092|X|5|005587|311001090921|12|11|11001|1|2|1|1|A|4|x|0|0|1|2,15751|2,15751|2,15751|2,15751|2,15751|0|1|1,14191|1,14191|1,14191|1,14191|1,14191||||||||||||||
V201750000046|99|194|0000092|X|5|005587|311001090921|12|11|11001|1|2|1|1|A|4|x|0|0|1|2,19144|2,19144|2,19144|2,19144|2,19144|0|1|2,07803|2,07803|2,07803|2,07803|2,07803||||||||||||||
V201750000047|99|194|0000092|X|5|005587|311001090921|12|11|11001|1|2|1|1|A|4|x|0|0|1|1,56869|1,56869|1,56869|1,56869|1,56869|0|1|2,66044|2,66044|2,66044|2,66044|2,66044||||||||||||||
V201750000048|99|194|0000092|X|5|005587|311001090921|12|11|11001|1|2|1|1|A|4|x|0|0|1|1,73853|1,73853|1,73853|1,73853|1,73853|0|1|2,06537|2,06537|2,06537|2,06537|2,06537||||||||||||||
V201750000049|99|194|0000092|X|5|005587|311001090921|12|11|11001|2|2|1|1|A|4|x|0|0|1|1,63034|1,63034|1,63034|1,63034|1,63034|0|1|0,1471|0,1471|0,1471|0,1471|0,1471||||||||||||||
V201750000050|99|194|0000092|X|5|005587|311001090921|12|11|11001|2|2|1|1|A|4|x|0|0|1|2,56925|2,56925|2,56925|2,56925|2,56925|0|1|1,04514|1,04514|1,04514|1,04514|1,04514||||||||||||||
V201750000051|99|194|0000092|X|5|005587|311001090921|12|11|11001|2|2|1|1|A|4|x|0|0|1|2,20955|2,20955|2,20955|2,20955|2,20955|0|1|0,87359|0,87359|0,87359|0,87359|0,87359||||||||||||||
V201750000052|99|194|0000092|X|5|005587|311001090921|12|11|11001|2|2|1|1|A|4|x|0|0|1|1,82142|1,82142|1,82142|1,82142|1,82142|0|1|1,92433|1,92433|1,92433|1,92433|1,92433||||||||||||||
V201750000053|99|194|0000092|X|5|005587|311001090921|12|11|11001|2|2|1|1|A|4|x|0|0|1|1,60303|1,60303|1,60303|1,60303|1,60303|0|1|0,44622|0,44622|0,44622|0,44622|0,44622||||||||||||||
V201750000054|99|194|0000092|X|5|005587|311001090921|12|11|11001|1|2|1|1|A|4|x|0|0|1|0,94138|0,94138|0,94138|0,94138|0,94138|0|1|2,18691|2,18691|2,18691|2,18691|2,18691||||||||||||||
V201750000055|99|194|0000092|X|5|005587|311001090921|12|11|11001|1|2|1|1|A|4|x|0|0|1|2,13011|2,13011|2,13011|2,13011|2,13011|0|1|3,00624|3,00624|3,00624|3,00624|3,00624||||||||||||||
V201750000056|99|194|0000092|X|5|005587|311001090921|12|11|11001|1|2|1|1|A|4|x|0|0|1|1,6028|1,6028|1,6028|1,6028|1,6028|0|1|1,44032|1,44032|1,44032|1,44032|1,44032||||||||||||||
V201750000057|99|194|0000092|X|5|005587|311001090921|12|11|11001|1|2|1|1|A|4|x|0|0|1|2,62711|2,62711|2,62711|2,62711|2,62711|0|1|2,6164|2,6164|2,6164|2,6164|2,6164||||||||||||||
V201750000058|99|194|0000092|X|5|005587|311001090921|12|11|11001|1|2|1|1|A|4|x|0|0|1|1,42815|1,42815|1,42815|1,42815|1,42815|0|1|2,34022|2,34022|2,34022|2,34022|2,34022||||||||||||||
V201750000059|99|194|0000092|X|5|005587|311001090921|12|11|11001|1|2|1|1|A|4|x|0|0|1|1,08618|1,08618|1,08618|1,08618|1,08618|0|1|1,18547|1,18547|1,18547|1,18547|1,18547||||||||||||||
V201750000060|99|194|0000092|X|5|005587|311001090921|12|11|11001|1|2|1|1|A|4|x|0|0|1|1,87996|1,87996|1,87996|1,87996|1,87996|0|1|2,38067|2,38067|2,38067|2,38067|2,38067||||||||||||||
V201750000061|99|194|0000092|X|5|005587|311001090921|12|11|11001|1|2|1|1|A|4|x|0|0|1|-0,91165|-0,91165|-0,91165|-0,91165|-0,91165|0|1|-0,72029|-0,72029|-0,72029|-0,72029|-0,72029||||||||||||||
V201750000062|99|194|0000092|X|5|005587|311001090921|12|11|11001|1|2|1|1|A|4|x|0|0|1|2,47789|2,47789|2,47789|2,47789|2,47789|0|1|2,57033|2,57033|2,57033|2,57033|2,57033||||||||||||||
V201750000063|99|194|0000092|X|5|005587|311001090921|12|11|11001|1|2|1|1|A|4|x|0|0|1|0,12459|0,12459|0,12459|0,12459|0,12459|0|1|1,09878|1,09878|1,09878|1,09878|1,09878||||||||||||||
V201750000064|99|194|0000092|X|5|005587|311001090921|12|11|11001|1|2|1|1|A|4|x|0|0|1|1,57634|1,57634|1,57634|1,57634|1,57634|0|1|3,16407|3,16407|3,16407|3,16407|3,16407||||||||||||||
V201750000065|99|194|0000092|X|5|005587|311001090921|12|11|11001|1|2|1|1|A|4|x|0|0|1|0,6199|0,6199|0,6199|0,6199|0,6199|0|1|0,18084|0,18084|0,18084|0,18084|0,18084||||||||||||||
V201750000066|99|194|0000092|X|5|005587|311001090921|12|11|11001|3|2|1|1|A|4|x|0|0|1|0,90963|0,90963|0,90963|0,90963|0,90963|0|1|-2,49245|-2,49245|-2,49245|-2,49245|-2,49245||||||||||||||
V201750000067|99|194|0000092|X|5|005587|311001090921|12|11|11001|1|2|1|1|A|4|x|0|0|1|0,94832|0,94832|0,94832|0,94832|0,94832|0|1|1,97374|1,97374|1,97374|1,97374|1,97374||||||||||||||
V201750000068|99|194|0000092|X|5|005587|311001090921|12|11|11001|1|2|1|1|A|4|x|0|0|1|1,37342|1,37342|1,37342|1,37342|1,37342|0|1|0,88968|0,88968|0,88968|0,88968|0,88968||||||||||||||
V201750000069|99|194|0000092|X|5|005587|311001090921|12|11|11001|1|2|1|1|A|4|x|0|0|1|1,3397|1,3397|1,3397|1,3397|1,3397|0|1|1,8227|1,8227|1,8227|1,8227|1,8227||||||||||||||
V201750000070|99|194|0000092|X|5|005587|311001090921|12|11|11001|1|2|1|1|A|4|x|0|0|1|0,40968|0,40968|0,40968|0,40968|0,40968|0|1|1,7288|1,7288|1,7288|1,7288|1,7288||||||||||||||
V201750000071|99|194|0000092|X|5|005587|311001090921|12|11|11001|1|2|1|1|A|4|x|0|0|1|-0,08547|-0,08547|-0,08547|-0,08547|-0,08547|0|1|-0,68933|-0,68933|-0,68933|-0,68933|-0,68933||||||||||||||
V201750000072|99|194|0000092|X|5|005587|311001090921|12|11|11001|1|2|1|1|A|4|x|0|0|1|1,42506|1,42506|1,42506|1,42506|1,42506|0|1|1,13362|1,13362|1,13362|1,13362|1,13362||||||||||||||
V201750000073|99|194|0000092|X|5|005587|311001090921|12|11|11001|1|2|1|1|A|4|x|0|0|1|0,49831|0,49831|0,49831|0,49831|0,49831|0|1|1,94209|1,94209|1,94209|1,94209|1,94209||||||||||||||
V201750000074|99|194|0000092|X|5|005587|311001090921|12|11|11001|1|2|1|1|A|4|x|0|0|1|2,26351|2,26351|2,26351|2,26351|2,26351|0|1|1,52892|1,52892|1,52892|1,52892|1,52892||||||||||||||
V201750000075|99|194|0000092|X|5|005587|311001090921|12|11|11001|1|2|1|1|A|4|x|0|0|1|0,31408|0,31408|0,31408|0,31408|0,31408|0|1|0,99389|0,99389|0,99389|0,99389|0,99389||||||||||||||
V201750000076|99|194|0000092|X|5|005587|311001090921|12|11|11001|1|2|1|1|A|4|x|0|0|1|0,81339|0,81339|0,81339|0,81339|0,81339|0|1|1,18704|1,18704|1,18704|1,18704|1,18704||||||||||||||
V201750000077|99|194|0000092|X|5|005587|311001090921|12|11|11001|1|2|1|1|A|4|x|0|0|1|0,76325|0,76325|0,76325|0,76325|0,76325|0|1|3,38176|3,38176|3,38176|3,38176|3,38176||||||||||||||
V201750000078|99|194|0000092|X|5|005587|311001090921|12|11|11001|1|2|1|1|A|4|x|0|0|1|0,48097|0,48097|0,48097|0,48097|0,48097|0|1|1,00645|1,00645|1,00645|1,00645|1,00645||||||||||||||
V201750000079|99|194|0000092|X|5|005587|311001090921|12|11|11001|1|2|1|1|A|4|x|0|0|1|0,66537|0,66537|0,66537|0,66537|0,66537|0|1|1,75856|1,75856|1,75856|1,75856|1,75856||||||||||||||
V201750000080|99|194|0000092|X|5|005587|311001090921|12|11|11001|1|2|1|1|A|4|x|0|0|1|1,83392|1,83392|1,83392|1,83392|1,83392|0|1|1,53489|1,53489|1,53489|1,53489|1,53489||||||||||||||
V201750000081|99|194|0000092|X|5|005587|311001090921|12|11|11001|1|2|1|1|A|4|x|0|0|1|0,48475|0,48475|0,48475|0,48475|0,48475|0|1|1,34509|1,34509|1,34509|1,34509|1,34509||||||||||||||
V201750000082|99|194|0000092|X|5|005587|311001090921|12|11|11001|1|2|1|1|A|4|x|0|0|1|-0,15787|-0,15787|-0,15787|-0,15787|-0,15787|0|1|0,02056|0,02056|0,02056|0,02056|0,02056||||||||||||||
V201750000083|99|194|0000092|X|5|005587|311001090921|12|11|11001|1|2|1|1|A|4|x|0|0|1|1,50258|1,50258|1,50258|1,50258|1,50258|0|1|0,63265|0,63265|0,63265|0,63265|0,63265||||||||||||||
V201750000084|99|194|0000092|X|5|005587|311001090921|12|11|11001|1|2|1|1|A|4|x|0|0|1|1,51243|1,51243|1,51243|1,51243|1,51243|0|1|2,63692|2,63692|2,63692|2,63692|2,63692||||||||||||||
V201750000085|99|194|0000092|X|5|005587|311001090921|12|11|11001|1|2|1|1|A|4|x|0|0|1|0,94264|0,94264|0,94264|0,94264|0,94264|0|1|1,45082|1,45082|1,45082|1,45082|1,45082||||||||||||||
V201750000086|99|194|0000092|X|5|005587|311001090921|12|11|11001|1|2|1|1|A|4|x|0|0|1|0,04367|0,04367|0,04367|0,04367|0,04367|0|1|0,3876|0,3876|0,3876|0,3876|0,3876||||||||||||||
V201750000087|99|194|0000092|X|5|005587|311001090921|12|11|11001|1|2|1|1|A|4|x|0|0|1|-0,12665|-0,12665|-0,12665|-0,12665|-0,12665|0|1|1,01545|1,01545|1,01545|1,01545|1,01545||||||||||||||
V201750000088|99|194|0000092|X|5|005587|311001090921|12|11|11001|1|2|1|1|A|4|x|0|0|1|1,92719|1,92719|1,92719|1,92719|1,92719|0|1|1,8405|1,8405|1,8405|1,8405|1,8405||||||||||||||
V201750000089|99|194|0000092|X|5|005587|311001090921|12|11|11001|1|2|1|1|A|4|x|0|0|1|1,09556|1,09556|1,09556|1,09556|1,09556|0|1|0,9292|0,9292|0,9292|0,9292|0,9292||||||||||||||
V201750000090|99|194|0000092|X|5|005587|311001090921|12|11|11001|1|2|1|1|A|4|x|0|0|1|-1,00073|-1,00073|-1,00073|-1,00073|-1,00073|0|1|-0,36381|-0,36381|-0,36381|-0,36381|-0,36381||||||||||||||
V201750000091|99|194|0000092|X|5|005587|311001090921|12|11|11001|1|2|1|1|A|4|x|0|0|1|1,55057|1,55057|1,55057|1,55057|1,55057|0|1|1,74789|1,74789|1,74789|1,74789|1,74789||||||||||||||
V201750000092|99|194|0000092|X|5|005587|311001090921|12|11|11001|1|2|1|1|A|4|x|0|0|1|1,27012|1,27012|1,27012|1,27012|1,27012|0|1|1,91624|1,91624|1,91624|1,91624|1,91624||||||||||||||
V201750000093|99|194|0000092|X|5|005587|311001090921|12|11|11001|1|2|1|1|A|4|x|0|0|1|1,12653|1,12653|1,12653|1,12653|1,12653|0|1|0,7956|0,7956|0,7956|0,7956|0,7956||||||||||||||
V201750000094|99|194|0000092|X|5|005587|311001090921|12|11|11001|1|2|1|1|A|4|x|0|0|1|1,04642|1,04642|1,04642|1,04642|1,04642|0|1|1,37946|1,37946|1,37946|1,37946|1,37946||||||||||||||
V201750000095|99|194|0000092|X|5|005587|311001090921|12|11|11001|1|2|1|1|A|4|x|0|0|1|2,50367|2,50367|2,50367|2,50367|2,50367|0|1|3,17951|3,17951|3,17951|3,17951|3,17951||||||||||||||
V201750000096|99|194|0000092|X|5|005587|311001090921|12|11|11001|1|2|1|1|A|4|x|0|0|1|1,52225|1,52225|1,52225|1,52225|1,52225|0|1|2,81337|2,81337|2,81337|2,81337|2,81337||||||||||||||
V201750000097|99|194|0000092|X|5|005587|311001090921|12|11|11001|1|2|1|1|A|4|x|0|0|1|-0,27337|-0,27337|-0,27337|-0,27337|-0,27337|0|1|-0,25443|-0,25443|-0,25443|-0,25443|-0,25443||||||||||||||
V201750000098|99|194|0000092|X|5|005587|311001090921|12|11|11001|1|2|1|1|A|4|x|0|0|1|2,07473|2,07473|2,07473|2,07473|2,07473|0|1|1,5768|1,5768|1,5768|1,5768|1,5768||||||||||||||
V201750000099|99|194|0000092|X|5|005587|311001090921|12|11|11001|2|2|1|1|A|4|x|0|0|1|0,76236|0,76236|0,76236|0,76236|0,76236|0|1|1,15647|1,15647|1,15647|1,15647|1,15647||||||||||||||
V201750000100|99|194|0000092|X|5|005587|311001090921|12|11|11001|2|2|1|1|A|4|x|0|0|1|2,58056|2,58056|2,58056|2,58056|2,58056|0|1|1,61479|1,61479|1,61479|1,61479|1,61479||||||||||||||
V201750000101|99|194|0000092|X|5|005587|311001090921|12|11|11001|1|2|1|1|A|4|x|0|0|1|1,91938|1,91938|1,91938|1,91938|1,91938|0|1|3,0883|3,0883|3,0883|3,0883|3,0883||||||||||||||
V201750000102|99|194|0000092|X|5|005587|311001090921|12|11|11001|2|2|1|1|A|4|x|0|0|1|1,1364|1,1364|1,1364|1,1364|1,1364|0|1|0,51368|0,51368|0,51368|0,51368|0,51368||||||||||||||
V201750000103|99|194|0000092|X|5|005587|311001090921|12|11|11001|1|2|1|1|A|4|x|0|0|1|1,84388|1,84388|1,84388|1,84388|1,84388|0|1|1,99569|1,99569|1,99569|1,99569|1,99569||||||||||||||
V201750000104|99|194|0000092|X|5|005587|311001090921|12|11|11001|1|2|1|1|A|4|x|0|0|1|2,36903|2,36903|2,36903|2,36903|2,36903|0|1|2,28961|2,28961|2,28961|2,28961|2,28961||||||||||||||
V201750000105|99|194|0000092|X|5|005587|311001090921|12|11|11001|1|2|1|1|A|4|x|0|0|1|1,04036|1,04036|1,04036|1,04036|1,04036|0|1|1,19045|1,19045|1,19045|1,19045|1,19045||||||||||||||
V201750000106|99|194|0000092|X|5|005587|311001090921|12|11|11001|2|2|1|1|A|4|x|0|0|1|2,02844|2,02844|2,02844|2,02844|2,02844|0|1|1,92457|1,92457|1,92457|1,92457|1,92457||||||||||||||
V201750000107|99|194|0000092|X|5|005587|311001090921|12|11|11001|2|2|1|1|A|4|x|0|0|1|2,05986|2,05986|2,05986|2,05986|2,05986|0|1|1,75683|1,75683|1,75683|1,75683|1,75683||||||||||||||
V201750000108|99|194|0000092|X|5|005587|311001090921|12|11|11001|2|2|1|1|A|4|x|0|0|1|2,21271|2,21271|2,21271|2,21271|2,21271|0|1|2,78654|2,78654|2,78654|2,78654|2,78654||||||||||||||
V201750000109|99|194|0000092|X|5|005587|311001090921|12|11|11001|2|2|1|1|A|4|x|0|0|1|1,38903|1,38903|1,38903|1,38903|1,38903|0|1|2,11549|2,11549|2,11549|2,11549|2,11549||||||||||||||
V201750000110|99|194|0000092|X|5|005587|311001090921|12|11|11001|2|2|1|1|A|4|x|0|0|1|2,13584|2,13584|2,13584|2,13584|2,13584|0|1|2,41368|2,41368|2,41368|2,41368|2,41368||||||||||||||
V201750000111|99|194|0000092|X|5|005587|311001090921|12|11|11001|2|2|1|1|A|4|x|0|0|1|1,73229|1,73229|1,73229|1,73229|1,73229|0|1|2,78505|2,78505|2,78505|2,78505|2,78505||||||||||||||
V201750000112|99|194|0000092|X|5|005587|311001090921|12|11|11001|2|2|1|1|A|4|x|0|0|1|1,26708|1,26708|1,26708|1,26708|1,26708|0|1|1,7239|1,7239|1,7239|1,7239|1,7239||||||||||||||
V201750000113|99|194|0000092|X|5|005587|311001090921|12|11|11001|2|2|1|1|A|4|x|0|0|1|3,25581|3,25581|3,25581|3,25581|3,25581|0|1|2,61428|2,61428|2,61428|2,61428|2,61428||||||||||||||
V201750000114|99|194|0000092|X|5|005587|311001090921|12|11|11001|1|2|1|1|A|4|x|0|0|1|3,00504|3,00504|3,00504|3,00504|3,00504|0|1|3,57295|3,57295|3,57295|3,57295|3,57295||||||||||||||
V201750000115|99|194|0000092|X|5|005587|311001090921|12|11|11001|1|2|1|1|A|4|x|0|0|1|1,81035|1,81035|1,81035|1,81035|1,81035|0|1|1,26291|1,26291|1,26291|1,26291|1,26291||||||||||||||
V201750000116|99|194|0000092|X|5|005587|311001090921|12|11|11001|2|2|1|1|A|4|x|0|0|1|1,60109|1,60109|1,60109|1,60109|1,60109|0|1|2,84181|2,84181|2,84181|2,84181|2,84181||||||||||||||
V201750000117|99|194|0000092|X|5|005587|311001090921|12|11|11001|2|2|1|1|A|4|x|0|0|1|1,68585|1,68585|1,68585|1,68585|1,68585|0|1|1,62429|1,62429|1,62429|1,62429|1,62429||||||||||||||
V201750000118|99|194|0000092|X|5|005587|311001090921|12|11|11001|2|2|1|1|A|4|x|0|0|1|0,23165|0,23165|0,23165|0,23165|0,23165|0|1|0,11337|0,11337|0,11337|0,11337|0,11337||||||||||||||
V201750000119|99|194|0000092|X|5|005587|311001090921|12|11|11001|2|2|1|1|A|4|x|0|0|1|0,47412|0,47412|0,47412|0,47412|0,47412|0|1|0,45675|0,45675|0,45675|0,45675|0,45675||||||||||||||
V201750000120|99|194|0000092|X|5|005587|311001090921|12|11|11001|2|2|1|1|A|4|x|0|0|1|0,73367|0,73367|0,73367|0,73367|0,73367|0|1|1,39785|1,39785|1,39785|1,39785|1,39785||||||||||||||
V201750000121|99|194|0000092|X|5|005587|311001090921|12|11|11001|2|2|1|1|A|4|x|0|0|1|0,81989|0,81989|0,81989|0,81989|0,81989|0|1|0,65423|0,65423|0,65423|0,65423|0,65423||||||||||||||
V201750000122|99|194|0000092|X|5|005587|311001090921|12|11|11001|2|2|1|1|A|4|x|0|0|1|0,53712|0,53712|0,53712|0,53712|0,53712|0|1|1,06644|1,06644|1,06644|1,06644|1,06644||||||||||||||
V201750000123|99|194|0000092|X|5|005587|311001090921|12|11|11001|2|2|1|1|A|4|x|0|0|1|1,63694|1,63694|1,63694|1,63694|1,63694|0|1|1,53669|1,53669|1,53669|1,53669|1,53669||||||||||||||
V201750000124|99|194|0000092|X|5|005587|311001090921|12|11|11001|2|2|1|1|A|4|x|0|0|1|2,26803|2,26803|2,26803|2,26803|2,26803|0|1|2,57727|2,57727|2,57727|2,57727|2,57727||||||||||||||
V201750000125|99|194|0000092|X|5|005587|311001090921|12|11|11001|2|2|1|1|A|4|x|0|0|1|0,37537|0,37537|0,37537|0,37537|0,37537|0|1|0,70299|0,70299|0,70299|0,70299|0,70299||||||||||||||
V201750000126|99|194|0000092|X|5|005587|311001090921|12|11|11001|2|2|1|1|A|4|x|0|0|1|1,32464|1,32464|1,32464|1,32464|1,32464|0|1|1,36485|1,36485|1,36485|1,36485|1,36485||||||||||||||
V201750000127|99|194|0000092|X|5|005587|311001090921|12|11|11001|2|2|1|1|A|4|x|0|0|1|2,00419|2,00419|2,00419|2,00419|2,00419|0|1|2,95281|2,95281|2,95281|2,95281|2,95281||||||||||||||
V201750000128|99|194|0000092|X|5|005587|311001090921|12|11|11001|2|2|1|1|A|4|x|0|0|1|1,77176|1,77176|1,77176|1,77176|1,77176|0|1|0,99339|0,99339|0,99339|0,99339|0,99339||||||||||||||
V201750000129|99|194|0000092|X|5|005587|311001090921|12|11|11001|2|2|1|1|A|4|x|0|0|1|1,29613|1,29613|1,29613|1,29613|1,29613|0|1|-0,08346|-0,08346|-0,08346|-0,08346|-0,08346||||||||||||||
V201750000130|99|194|0000092|X|5|005587|311001090921|12|11|11001|2|2|1|1|A|4|x|0|0|1|-0,87173|-0,87173|-0,87173|-0,87173|-0,87173|0|1|0,88934|0,88934|0,88934|0,88934|0,88934||||||||||||||
V201750000131|99|194|0000092|X|5|005587|311001090921|12|11|11001|2|2|1|1|A|4|x|0|0|1|1,11186|1,11186|1,11186|1,11186|1,11186|0|1|1,14391|1,14391|1,14391|1,14391|1,14391||||||||||||||
V201750000132|99|194|0000092|X|5|005587|311001090921|12|11|11001|2|2|1|1|A|4|x|0|0|1|0,27787|0,27787|0,27787|0,27787|0,27787|0|1|0,27811|0,27811|0,27811|0,27811|0,27811||||||||||||||
V201750000133|99|194|0000092|X|5|005587|311001090921|12|11|11001|2|2|1|1|A|4|x|0|0|1|2,51077|2,51077|2,51077|2,51077|2,51077|0|1|1,5632|1,5632|1,5632|1,5632|1,5632||||||||||||||
V201750000134|99|194|0000092|X|5|005587|311001090921|12|11|11001|2|2|1|1|A|4|x|0|0|1|1,786|1,786|1,786|1,786|1,786|0|1|2,60825|2,60825|2,60825|2,60825|2,60825||||||||||||||
V201750000135|99|194|0000092|X|5|005587|311001090921|12|11|11001|2|2|1|1|A|4|x|0|0|1|1,40003|1,40003|1,40003|1,40003|1,40003|0|1|0,38507|0,38507|0,38507|0,38507|0,38507||||||||||||||
V201750000136|99|194|0000092|X|5|005587|311001090921|12|11|11001|1|2|1|1|A|4|x|0|0|1|1,78715|1,78715|1,78715|1,78715|1,78715|0|1|3,19533|3,19533|3,19533|3,19533|3,19533||||||||||||||
V201750000137|99|194|0000092|X|5|005587|311001090921|12|11|11001|1|2|1|1|A|4|x|0|0|1|1,44516|1,44516|1,44516|1,44516|1,44516|0|1|2,37282|2,37282|2,37282|2,37282|2,37282||||||||||||||
V201750000138|99|194|0000092|X|5|005587|311001090921|12|11|11001|1|2|1|1|A|4|x|0|0|1|1,18378|1,18378|1,18378|1,18378|1,18378|0|1|2,03259|2,03259|2,03259|2,03259|2,03259||||||||||||||
V201750000139|99|194|0000092|X|5|005587|311001090921|12|11|11001|1|2|1|1|A|4|x|0|0|1|2,30437|2,30437|2,30437|2,30437|2,30437|0|1|1,42894|1,42894|1,42894|1,42894|1,42894||||||||||||||
V201750000140|99|194|0000092|X|5|005587|311001090921|12|11|11001|2|2|1|1|A|4|x|0|0|1|1,44553|1,44553|1,44553|1,44553|1,44553|0|1|0,78189|0,78189|0,78189|0,78189|0,78189||||||||||||||
V201750000141|99|194|0000092|X|5|005587|311001090921|12|11|11001|2|2|1|1|A|4|x|0|0|1|1,14313|1,14313|1,14313|1,14313|1,14313|0|1|1,30199|1,30199|1,30199|1,30199|1,30199||||||||||||||
V201750000142|99|194|0000092|X|5|005587|311001090921|12|11|11001|2|2|1|1|A|4|x|0|0|1|2,07837|2,07837|2,07837|2,07837|2,07837|0|1|1,69273|1,69273|1,69273|1,69273|1,69273||||||||||||||
V201750000143|99|194|0000092|X|5|005587|311001090921|12|11|11001|2|2|1|1|A|4|x|0|0|1|0,66585|0,66585|0,66585|0,66585|0,66585|0|1|1,02994|1,02994|1,02994|1,02994|1,02994||||||||||||||
V201750000144|99|194|0000092|X|5|005587|311001090921|12|11|11001|1|2|1|1|A|4|x|0|0|1|-0,54189|-0,54189|-0,54189|-0,54189|-0,54189|0|1|0,18697|0,18697|0,18697|0,18697|0,18697||||||||||||||
V201750000145|99|194|0000092|X|5|005587|311001090921|12|11|11001|1|2|1|1|A|4|x|0|0|1|0,33888|0,33888|0,33888|0,33888|0,33888|0|1|-0,20603|-0,20603|-0,20603|-0,20603|-0,20603||||||||||||||
V201750000146|99|194|0000092|X|5|005587|311001090921|12|11|11001|1|2|1|1|A|4|x|0|0|1|-0,40906|-0,40906|-0,40906|-0,40906|-0,40906|0|1|-0,14829|-0,14829|-0,14829|-0,14829|-0,14829||||||||||||||
V201750000147|99|194|0000092|X|5|005587|311001090921|12|11|11001|1|2|1|1|A|4|x|0|0|1|1,71723|1,71723|1,71723|1,71723|1,71723|0|1|1,71811|1,71811|1,71811|1,71811|1,71811||||||||||||||
V201750000148|99|194|0000092|X|5|005587|311001090921|12|11|11001|1|2|1|1|A|4|x|0|0|1|-0,51728|-0,51728|-0,51728|-0,51728|-0,51728|0|1|-0,70103|-0,70103|-0,70103|-0,70103|-0,70103||||||||||||||
V201750000149|99|194|0000092|X|5|005587|311001090921|12|11|11001|2|2|1|1|A|4|x|0|0|1|2,09753|2,09753|2,09753|2,09753|2,09753|0|1|2,85183|2,85183|2,85183|2,85183|2,85183||||||||||||||
V201750000150|99|194|0000092|X|5|005587|311001090921|12|11|11001|2|2|1|1|A|4|x|0|0|1|1,43901|1,43901|1,43901|1,43901|1,43901|0|1|0,94534|0,94534|0,94534|0,94534|0,94534||||||||||||||
V201750000151|99|194|0000092|X|5|005587|311001090921|12|11|11001|1|2|1|1|A|4|x|0|0|1|2,66838|2,66838|2,66838|2,66838|2,66838|0|1|1,93911|1,93911|1,93911|1,93911|1,93911||||||||||||||
V201750000152|99|194|0000092|X|5|005587|311001090921|12|11|11001|2|2|1|1|A|4|x|0|0|1|3,15436|3,15436|3,15436|3,15436|3,15436|0|1|2,25029|2,25029|2,25029|2,25029|2,25029||||||||||||||
V201750000153|99|194|0000092|X|5|005587|311001090921|12|11|11001|2|2|1|1|A|4|x|0|0|1|-0,14854|-0,14854|-0,14854|-0,14854|-0,14854|0|1|0,96644|0,96644|0,96644|0,96644|0,96644||||||||||||||
V201750000154|99|194|0000092|X|5|005587|311001090921|12|11|11001|2|2|1|1|A|4|x|0|0|1|2,59964|2,59964|2,59964|2,59964|2,59964|0|1|1,89017|1,89017|1,89017|1,89017|1,89017||||||||||||||
V201750000155|99|194|0000092|X|5|005587|311001090921|12|11|11001|2|2|1|1|A|4|x|0|0|1|1,0153|1,0153|1,0153|1,0153|1,0153|0|1|1,54938|1,54938|1,54938|1,54938|1,54938||||||||||||||
V201750000156|99|194|0000092|X|5|005587|311001090921|12|11|11001|1|2|1|1|A|4|x|0|0|1|0,63136|0,63136|0,63136|0,63136|0,63136|0|1|2,02676|2,02676|2,02676|2,02676|2,02676||||||||||||||
V201750000157|99|194|0000092|X|5|005587|311001090921|12|11|11001|1|2|1|1|A|4|x|0|0|1|3,14309|3,14309|3,14309|3,14309|3,14309|0|1|2,59539|2,59539|2,59539|2,59539|2,59539||||||||||||||
V201750000158|99|194|0000092|X|5|005587|311001090921|12|11|11001|1|2|1|1|A|4|x|0|0|1|0,2876|0,2876|0,2876|0,2876|0,2876|0|1|-0,35128|-0,35128|-0,35128|-0,35128|-0,35128||||||||||||||
V201750000159|99|194|0000092|X|5|005587|311001090921|12|11|11001|1|2|1|1|A|4|x|0|0|1|0,45152|0,45152|0,45152|0,45152|0,45152|0|1|0,95788|0,95788|0,95788|0,95788|0,95788||||||||||||||
V201750000160|99|194|0000092|X|5|005587|311001090921|12|11|11001|1|2|1|1|A|4|x|0|0|1|1,36305|1,36305|1,36305|1,36305|1,36305|0|1|2,61729|2,61729|2,61729|2,61729|2,61729||||||||||||||
V201750000161|99|194|0000092|X|5|005587|311001090921|12|11|11001|1|2|1|1|A|4|x|0|0|1|0,987|0,987|0,987|0,987|0,987|0|1|1,85417|1,85417|1,85417|1,85417|1,85417||||||||||||||
V201750000162|99|194|0000092|X|5|005587|311001090921|12|11|11001|1|2|1|1|A|4|x|0|0|1|1,47188|1,47188|1,47188|1,47188|1,47188|0|1|1,16627|1,16627|1,16627|1,16627|1,16627||||||||||||||
V201750000163|99|194|0000092|X|5|005587|311001090921|12|11|11001|1|2|1|1|A|4|x|0|0|1|0,11632|0,11632|0,11632|0,11632|0,11632|0|1|-0,25668|-0,25668|-0,25668|-0,25668|-0,25668||||||||||||||
V201750000164|99|194|0000092|X|5|005587|311001090921|12|11|11001|1|2|1|1|A|4|x|0|0|1|-0,23792|-0,23792|-0,23792|-0,23792|-0,23792|0|1|0,38819|0,38819|0,38819|0,38819|0,38819||||||||||||||
V201750000165|99|194|0000092|X|5|005587|311001090921|12|11|11001|1|2|1|1|A|4|x|0|0|1|2,30922|2,30922|2,30922|2,30922|2,30922|0|1|2,35915|2,35915|2,35915|2,35915|2,35915||||||||||||||
V201750000166|99|194|0000092|X|5|005587|311001090921|12|11|11001|1|2|1|1|A|4|x|0|0|1|1,50852|1,50852|1,50852|1,50852|1,50852|0|1|1,29502|1,29502|1,29502|1,29502|1,29502||||||||||||||
V201750000167|99|194|0000092|X|5|005587|311001090921|12|11|11001|2|2|1|1|A|4|x|0|0|1|0,01222|0,01222|0,01222|0,01222|0,01222|0|1|-1,11489|-1,11489|-1,11489|-1,11489|-1,11489||||||||||||||
V201750000168|99|194|0000092|X|5|005587|311001090921|12|11|11001|2|2|1|1|A|4|x|0|0|1|1,40197|1,40197|1,40197|1,40197|1,40197|0|1|1,16098|1,16098|1,16098|1,16098|1,16098||||||||||||||
V201750000169|99|194|0000092|X|5|005587|311001090921|12|11|11001|2|2|1|1|A|4|x|0|0|1|1,03027|1,03027|1,03027|1,03027|1,03027|0|1|0,2948|0,2948|0,2948|0,2948|0,2948||||||||||||||
V201750000170|99|194|0000092|X|5|005587|311001090921|12|11|11001|1|2|1|1|A|4|x|0|0|1|0,87543|0,87543|0,87543|0,87543|0,87543|0|1|0,48079|0,48079|0,48079|0,48079|0,48079||||||||||||||
V201750000171|99|194|0000092|X|5|005587|311001090921|12|11|11001|1|2|1|1|A|4|x|0|0|1|0,43242|0,43242|0,43242|0,43242|0,43242|0|1|1,65195|1,65195|1,65195|1,65195|1,65195||||||||||||||
V201750000172|99|194|0000092|X|5|005587|311001090921|12|11|11001|1|2|1|1|A|4|x|0|0|1|2,8731|2,8731|2,8731|2,8731|2,8731|0|1|2,31565|2,31565|2,31565|2,31565|2,31565||||||||||||||
V201750000173|99|194|0000092|X|5|005587|311001090921|12|11|11001|1|2|1|1|A|4|x|0|0|1|2,09947|2,09947|2,09947|2,09947|2,09947|0|1|2,3384|2,3384|2,3384|2,3384|2,3384||||||||||||||
V201750000174|99|194|0000092|X|5|005587|311001090921|12|11|11001|1|2|1|1|A|4|x|0|0|1|2,54519|2,54519|2,54519|2,54519|2,54519|0|1|2,0582|2,0582|2,0582|2,0582|2,0582||||||||||||||
V201750000175|99|194|0000092|X|5|005587|311001090921|12|11|11001|1|2|1|1|A|4|x|0|0|1|1,70637|1,70637|1,70637|1,70637|1,70637|0|1|1,80581|1,80581|1,80581|1,80581|1,80581||||||||||||||
V201750000176|99|194|0000092|X|5|005587|311001090921|12|11|11001|1|2|1|1|A|4|x|0|0|1|0,51895|0,51895|0,51895|0,51895|0,51895|0|1|-0,54586|-0,54586|-0,54586|-0,54586|-0,54586||||||||||||||
V201750000177|99|194|0000092|X|5|005587|311001090921|12|11|11001|1|2|1|1|A|4|x|0|0|1|1,85855|1,85855|1,85855|1,85855|1,85855|0|1|1,72902|1,72902|1,72902|1,72902|1,72902||||||||||||||
V201750000178|99|194|0000092|X|5|005587|311001090921|12|11|11001|1|2|1|1|A|4|x|0|0|1|-0,28757|-0,28757|-0,28757|-0,28757|-0,28757|0|1|-0,30936|-0,30936|-0,30936|-0,30936|-0,30936||||||||||||||
V201750000179|99|194|0000092|X|5|005587|311001090921|12|11|11001|1|2|1|1|A|4|x|0|0|1|2,80047|2,80047|2,80047|2,80047|2,80047|0|1|1,02104|1,02104|1,02104|1,02104|1,02104||||||||||||||
V201750000180|99|194|0000092|X|5|005587|311001090921|12|11|11001|2|2|1|1|A|4|x|0|0|1|1,7482|1,7482|1,7482|1,7482|1,7482|0|1|1,71682|1,71682|1,71682|1,71682|1,71682||||||||||||||
V201750000181|99|194|0000092|X|5|005587|311001090921|12|11|11001|2|2|1|1|A|4|x|0|0|1|1,55369|1,55369|1,55369|1,55369|1,55369|0|1|1,54958|1,54958|1,54958|1,54958|1,54958||||||||||||||
V201750000182|99|194|0000092|X|5|005587|311001090921|12|11|11001|2|2|1|1|A|4|x|0|0|1|-0,22611|-0,22611|-0,22611|-0,22611|-0,22611|0|1|0,38822|0,38822|0,38822|0,38822|0,38822||||||||||||||
V201750000183|99|194|0000092|X|5|005587|311001090921|12|11|11001|1|2|1|1|A|4|x|0|0|1|1,96861|1,96861|1,96861|1,96861|1,96861|0|1|1,25957|1,25957|1,25957|1,25957|1,25957||||||||||||||
V201750000184|99|194|0000092|X|5|005587|311001090921|12|11|11001|1|2|1|1|A|4|x|0|0|1|1,69466|1,69466|1,69466|1,69466|1,69466|0|1|1,55397|1,55397|1,55397|1,55397|1,55397||||||||||||||
V201750000185|99|194|0000092|X|5|005587|311001090921|12|11|11001|2|2|1|1|A|4|x|0|0|1|0,0807|0,0807|0,0807|0,0807|0,0807|0|1|0,73335|0,73335|0,73335|0,73335|0,73335||||||||||||||
V201750000186|99|194|0000092|X|5|005587|311001090921|12|11|11001|2|2|1|1|A|4|x|0|0|1|1,06194|1,06194|1,06194|1,06194|1,06194|0|1|-0,21341|-0,21341|-0,21341|-0,21341|-0,21341||||||||||||||
V201750000187|99|194|0000092|X|5|005587|311001090921|12|11|11001|2|2|1|1|A|4|x|0|0|1|1,34767|1,34767|1,34767|1,34767|1,34767|0|1|0,70071|0,70071|0,70071|0,70071|0,70071||||||||||||||
V201750000188|99|194|0000092|X|5|005587|311001090921|12|11|11001|2|2|1|1|A|4|x|0|0|1|1,08993|1,08993|1,08993|1,08993|1,08993|0|1|0,37488|0,37488|0,37488|0,37488|0,37488||||||||||||||
V201750000189|99|194|0000092|X|5|005587|311001090921|12|11|11001|1|2|1|1|A|4|x|0|0|1|1,79378|1,79378|1,79378|1,79378|1,79378|0|1|2,73335|2,73335|2,73335|2,73335|2,73335||||||||||||||
V201750000190|99|194|0000092|X|5|005587|311001090921|12|11|11001|2|2|1|1|A|4|x|0|0|1|1,5151|1,5151|1,5151|1,5151|1,5151|0|1|0,29509|0,29509|0,29509|0,29509|0,29509||||||||||||||
V201750000191|99|194|0000092|X|5|005587|311001090921|12|11|11001|2|2|1|1|A|4|x|0|0|1|2,46986|2,46986|2,46986|2,46986|2,46986|0|1|1,57704|1,57704|1,57704|1,57704|1,57704||||||||||||||
V201750000192|99|133|0000092|X|5|006157|311769000726|12|11|11001|2|2|1|1|A|4|x|0|0|1|1,45995|1,45995|1,45995|1,45995|1,45995|0|1|0,59078|0,59078|0,59078|0,59078|0,59078||||||||||||||
V201750000193|99|133|0000092|X|5|006157|311769000726|12|11|11001|1|2|1|1|A|4|x|0|0|1|1,19922|1,19922|1,19922|1,19922|1,19922|0|1|0,47318|0,47318|0,47318|0,47318|0,47318||||||||||||||
V201750000194|99|133|0000092|X|5|006157|311769000726|12|11|11001|2|2|1|1|A|4|x|0|0|1|1,20467|1,20467|1,20467|1,20467|1,20467|0|1|0,4519|0,4519|0,4519|0,4519|0,4519||||||||||||||
V201750000195|99|133|0000092|X|5|006157|311769000726|12|11|11001|2|2|1|1|A|4|x|0|0|1|0,7984|0,7984|0,7984|0,7984|0,7984|0|1|0,19435|0,19435|0,19435|0,19435|0,19435||||||||||||||
V201750000196|99|133|0000092|X|5|006157|311769000726|12|11|11001|1|2|1|1|A|4|x|0|0|1|2,37768|2,37768|2,37768|2,37768|2,37768|0|1|0,8523|0,8523|0,8523|0,8523|0,8523||||||||||||||
V201750000197|99|133|0000092|X|5|006157|311769000726|12|11|11001|1|2|1|1|A|4|x|0|0|1|-0,47435|-0,47435|-0,47435|-0,47435|-0,47435|0|1|-1,10244|-1,10244|-1,10244|-1,10244|-1,10244||||||||||||||
V201750000198|99|133|0000092|X|5|006157|311769000726|12|11|11001|2|2|1|1|A|4|x|0|0|1|1,94642|1,94642|1,94642|1,94642|1,94642|0|1|0,74772|0,74772|0,74772|0,74772|0,74772||||||||||||||
V201750000199|99|133|0000092|X|5|006157|311769000726|12|11|11001|2|2|1|1|A|4|x|0|0|1|1,98323|1,98323|1,98323|1,98323|1,98323|0|1|1,63543|1,63543|1,63543|1,63543|1,63543||||||||||||||
V201750000200|99|133|0000092|X|5|006157|311769000726|12|11|11001|2|2|1|1|A|4|x|0|0|1|1,30687|1,30687|1,30687|1,30687|1,30687|0|1|0,44459|0,44459|0,44459|0,44459|0,44459||||||||||||||
V201750000201|99|133|0000092|X|5|006157|311769000726|12|11|11001|2|2|1|1|A|4|x|0|0|1|1,53326|1,53326|1,53326|1,53326|1,53326|0|1|1,86506|1,86506|1,86506|1,86506|1,86506||||||||||||||
V201750000202|99|133|0000092|X|5|006157|311769000726|12|11|11001|2|2|1|1|A|4|x|0|0|1|0,83031|0,83031|0,83031|0,83031|0,83031|0|1|-0,65673|-0,65673|-0,65673|-0,65673|-0,65673||||||||||||||
V201750000203|99|133|0000092|X|5|006157|311769000726|12|11|11001|2|2|1|1|A|4|x|0|0|1|1,97324|1,97324|1,97324|1,97324|1,97324|0|1|1,47178|1,47178|1,47178|1,47178|1,47178||||||||||||||
V201750000204|99|133|0000092|X|5|006157|311769000726|12|11|11001|1|2|1|1|A|4|x|0|0|1|0,80836|0,80836|0,80836|0,80836|0,80836|0|1|0,23589|0,23589|0,23589|0,23589|0,23589||||||||||||||
V201750000205|99|133|0000092|X|5|006157|311769000726|12|11|11001|2|2|1|1|A|4|x|0|0|1|-0,20535|-0,20535|-0,20535|-0,20535|-0,20535|0|1|0,23629|0,23629|0,23629|0,23629|0,23629||||||||||||||
V201750000206|99|133|0000092|X|5|006157|311769000726|12|11|11001|2|2|1|1|A|4|x|0|0|1|1,60867|1,60867|1,60867|1,60867|1,60867|0|1|0,59753|0,59753|0,59753|0,59753|0,59753||||||||||||||
V201750000207|99|133|0000092|X|5|006157|311769000726|12|11|11001|1|2|1|1|A|4|x|0|0|1|0,45075|0,45075|0,45075|0,45075|0,45075|0|1|1,57609|1,57609|1,57609|1,57609|1,57609||||||||||||||
V201750000208|99|133|0000092|X|5|006157|311769000726|12|11|11001|1|2|1|1|A|4|x|0|0|1|0,79984|0,79984|0,79984|0,79984|0,79984|0|1|0,96719|0,96719|0,96719|0,96719|0,96719||||||||||||||
V201750000209|99|133|0000092|X|5|006157|311769000726|12|11|11001|2|2|1|1|A|4|x|0|0|1|1,52012|1,52012|1,52012|1,52012|1,52012|0|1|0,42344|0,42344|0,42344|0,42344|0,42344||||||||||||||
V201750000210|99|133|0000092|X|5|006157|311769000726|12|11|11001|2|2|1|1|A|4|x|0|0|1|0,99586|0,99586|0,99586|0,99586|0,99586|0|1|-0,39788|-0,39788|-0,39788|-0,39788|-0,39788||||||||||||||
V201750000211|99|133|0000092|X|5|006157|311769000726|12|11|11001|1|2|1|1|A|4|x|0|0|1|1,60978|1,60978|1,60978|1,60978|1,60978|0|1|0,79161|0,79161|0,79161|0,79161|0,79161||||||||||||||
V201750000212|99|133|0000092|X|5|006157|311769000726|12|11|11001|1|2|1|1|A|4|x|0|0|1|-0,16754|-0,16754|-0,16754|-0,16754|-0,16754|0|1|1,14412|1,14412|1,14412|1,14412|1,14412||||||||||||||
V201750000213|99|133|0000092|X|5|006157|311769000726|12|11|11001|2|2|1|1|A|4|x|0|0|1|1,28454|1,28454|1,28454|1,28454|1,28454|0|1|0,22426|0,22426|0,22426|0,22426|0,22426||||||||||||||
V201750000214|99|133|0000092|X|5|006157|311769000726|12|11|11001|2|2|1|1|A|4|x|0|0|1|0,97046|0,97046|0,97046|0,97046|0,97046|0|1|-0,34042|-0,34042|-0,34042|-0,34042|-0,34042||||||||||||||
V201750000215|99|133|0000092|X|5|006157|311769000726|12|11|11001|2|2|1|1|A|4|x|0|0|1|2,29952|2,29952|2,29952|2,29952|2,29952|0|1|0,69922|0,69922|0,69922|0,69922|0,69922||||||||||||||
V201750000216|99|133|0000092|X|5|006157|311769000726|12|11|11001|2|2|1|1|A|4|x|0|0|1|0,33581|0,33581|0,33581|0,33581|0,33581|0|1|-0,04137|-0,04137|-0,04137|-0,04137|-0,04137||||||||||||||
V201750000217|99|133|0000092|X|5|006157|311769000726|12|11|11001|2|2|1|1|A|4|x|0|0|1|1,22895|1,22895|1,22895|1,22895|1,22895|0|1|1,12386|1,12386|1,12386|1,12386|1,12386||||||||||||||
V201750000218|99|133|0000092|X|5|006157|311769000726|12|11|11001|2|2|1|1|A|4|x|0|0|1|0,60955|0,60955|0,60955|0,60955|0,60955|0|1|0,53526|0,53526|0,53526|0,53526|0,53526||||||||||||||
V201750000219|99|133|0000092|X|5|006157|311769000726|12|11|11001|1|2|1|1|A|4|x|0|0|1|2,46022|2,46022|2,46022|2,46022|2,46022|0|1|0,22959|0,22959|0,22959|0,22959|0,22959||||||||||||||
V201750000220|99|133|0000092|X|5|006157|311769000726|12|11|11001|1|2|1|1|A|4|x|0|0|1|0,06752|0,06752|0,06752|0,06752|0,06752|0|1|0,19257|0,19257|0,19257|0,19257|0,19257||||||||||||||
V201750000221|99|133|0000092|X|5|006157|311769000726|12|11|11001|2|2|1|1|A|4|x|0|0|1|1,69449|1,69449|1,69449|1,69449|1,69449|0|1|0,39646|0,39646|0,39646|0,39646|0,39646||||||||||||||